{
	"info": {
		"_postman_id": "6f9fe6df-7e5d-4929-8c66-47a7ce2b7cd4",
		"name": "[788] Movie Go Modul 1",
		"schema": "https://schema.getpostman.com/json/collection/v2.1.0/collection.json",
		"_exporter_id": "7447411"
	},
	"item": [
		{
			"name": "Movies",
			"item": [
				{
					"name": "Add New Movies with Valid Data",
					"event": [
						{
							"listen": "test",
							"script": {
								"exec": [
									"pm.test('it should response 201 status code', () => {",
									"    pm.expect(pm.response).to.have.status(201);",
									"});",
									"",
									"pm.test('response Content-Type header should have application/json value', () => {",
									"    pm.expect(pm.response.headers.get('Content-Type')).to.includes('application/json');",
									"}); ",
									"",
									"pm.test('response body should be an object', () => {",
									"    const responseJson = pm.response.json();",
									"    pm.expect(responseJson).to.be.an('object');",
									"});",
									"",
									"pm.test('response body should have correct property types and non-empty ID', () => {",
									"    const responseJson = pm.response.json();",
									"    ",
									"    pm.expect(responseJson).to.have.property('id').that.is.a('string').and.is.not.empty;",
									"    pm.expect(responseJson).to.have.property('name').that.is.a('string');",
									"    pm.expect(responseJson).to.have.property('overview').that.is.a('string');",
									"    pm.expect(responseJson).to.have.property('release_date').that.is.a('string');",
									"    pm.expect(responseJson).to.have.property('country').that.is.a('string');",
									"    pm.expect(responseJson).to.have.property('language').that.is.a('string');",
									"    pm.expect(responseJson).to.have.property('producer').that.is.a('string');",
									"    pm.expect(responseJson).to.have.property('director').that.is.a('string');",
									"    pm.expect(responseJson).to.have.property('duration').that.is.a('number');",
									"    pm.expect(responseJson).to.have.property('genre').that.is.a('string');",
									"",
									"    pm.environment.set('movieId', responseJson.id);",
									"});",
									""
								],
								"type": "text/javascript"
							}
						}
					],
					"request": {
						"method": "POST",
						"header": [],
						"body": {
							"mode": "raw",
							"raw": "{\n    \"name\": \"Titanic (1997 film)\",\n    \"overview\": \"101-year-old Rose DeWitt Bukater tells the story of her life aboard the Titanic, 84 years later. A young Rose boards the ship with her mother and fiancé. Meanwhile, Jack Dawson and Fabrizio De Rossi win third-class tickets aboard the ship. Rose tells the whole story from Titanic's departure through to its death—on its first and last voyage—on April 15, 1912.\",\n    \"release_date\": \"1998-05-01\",\n    \"country\": \"USA\",\n    \"language\": \"English\",\n    \"producer\": \"James Cameron\",\n    \"director\": \"James Cameron\",\n    \"duration\": 194,\n    \"genre\": \"Drama, Romance\"\n}",
							"options": {
								"raw": {
									"language": "json"
								}
							}
						},
						"url": {
							"raw": "http://{{host}}:{{port}}/api/movies/",
							"protocol": "http",
							"host": [
								"{{host}}"
							],
							"port": "{{port}}",
							"path": [
								"api",
								"movies",
								""
							]
						}
					},
					"response": []
				},
				{
					"name": "Get All Movies",
					"event": [
						{
							"listen": "test",
							"script": {
								"exec": [
									"pm.test('it should response 200 status code', () => {",
									"    pm.expect(pm.response).to.have.status(200);",
									"});",
									"",
									"pm.test('response Content-Type header should have application/json value', () => {",
									"    pm.expect(pm.response.headers.get('Content-Type')).to.includes('application/json');",
									"}); ",
									"",
									"pm.test('response body should an object', () => {",
									"    const responseJson = pm.response.json();",
									"    pm.expect(responseJson).to.be.an('object');",
									"});",
									"",
									"pm.test('response body have correct property and value', () => {",
									"    const responseJson = pm.response.json();",
									"",
									"    pm.expect(responseJson.movies).to.be.an('array');",
									"    pm.expect(responseJson.movies).to.length.least(1);",
									"});"
								],
								"type": "text/javascript"
							}
						}
					],
					"request": {
						"method": "GET",
						"header": [],
						"url": {
							"raw": "http://{{host}}:{{port}}/api/movies/",
							"protocol": "http",
							"host": [
								"{{host}}"
							],
							"port": "{{port}}",
							"path": [
								"api",
								"movies",
								""
							]
						}
					},
					"response": []
				},
				{
					"name": "Get Detail Movie",
					"event": [
						{
							"listen": "test",
							"script": {
								"exec": [
									"pm.test('it should response 200 status code', () => {",
									"    pm.expect(pm.response).to.have.status(200);",
									"});",
									"",
									"pm.test('response Content-Type header should have application/json value', () => {",
									"    pm.expect(pm.response.headers.get('Content-Type')).to.includes('application/json');",
									"}); ",
									"",
									"pm.test('response body should an object', () => {",
									"    const responseJson = pm.response.json();",
									"    pm.expect(responseJson).to.be.an('object');",
									"});",
									"",
									"pm.test('response body should have correct property and value', () => {",
									"    const responseJson = pm.response.json();",
									"",
									"    pm.expect(responseJson).to.have.property('name').to.be.an('string')",
									"    pm.expect(responseJson).to.have.property('overview').to.be.an('string')",
									"    pm.expect(responseJson).to.have.property('release_date').to.be.an('string')",
									"    pm.expect(responseJson).to.have.property('country').to.be.an('string')",
									"    pm.expect(responseJson).to.have.property('language').to.be.an('string')",
									"    pm.expect(responseJson).to.have.property('producer').to.be.an('string')",
									"    pm.expect(responseJson).to.have.property('director').to.be.an('string')",
									"    pm.expect(responseJson).to.have.property('duration').to.be.an('number')",
									"    pm.expect(responseJson).to.have.property('genre').to.be.an('string')",
									"});"
								],
								"type": "text/javascript"
							}
						}
					],
					"request": {
						"method": "GET",
						"header": [],
						"url": {
							"raw": "http://{{host}}:{{port}}/api/movies/{{movieId}}",
							"protocol": "http",
							"host": [
								"{{host}}"
							],
							"port": "{{port}}",
							"path": [
								"api",
								"movies",
								"{{movieId}}"
							]
						}
					},
					"response": []
				},
				{
					"name": "Edit Movies with Valid Data",
					"event": [
						{
							"listen": "test",
							"script": {
								"exec": [
									"pm.test('it should response 200 status code', () => {",
									"    pm.expect(pm.response).to.have.status(200);",
									"});",
									"",
									"pm.test('response Content-Type header should have application/json value', () => {",
									"    pm.expect(pm.response.headers.get('Content-Type')).to.includes('application/json');",
									"}); ",
									"",
									"pm.test('response body should be an object', () => {",
									"    const responseJson = pm.response.json();",
									"    pm.expect(responseJson).to.be.an('object');",
									"});",
									"",
									"pm.test('when GET movie details after update', () => {",
									"    const movieId = pm.environment.get('movieId');",
									"    const port = pm.environment.get('port');",
									"",
									"    pm.sendRequest(`http://{{host}}:{{port}}/api/movies/${movieId}/`, (error, response) => {",
									"        if (!error) {",
									"            pm.test('it should response with revised content', () => {",
									"                pm.expect(response.code).to.equal(200);",
									"",
									"                const responseJson = response.json();",
									"",
									"                pm.expect(responseJson).to.be.an('object');",
									"                pm.expect(responseJson.id).to.equal(movieId);",
									"                pm.expect(responseJson.name).to.equal('Titanic');",
									"            });",
									"        }",
									"    });",
									"});"
								],
								"type": "text/javascript"
							}
						}
					],
					"request": {
						"method": "PUT",
						"header": [],
						"body": {
							"mode": "raw",
							"raw": "{\n    \"name\": \"Titanic\",\n    \"overview\": \"101-year-old Rose DeWitt Bukater tells the story of her life aboard the Titanic, 84 years later. A young Rose boards the ship with her mother and fiancé. Meanwhile, Jack Dawson and Fabrizio De Rossi win third-class tickets aboard the ship. Rose tells the whole story from Titanic's departure through to its death—on its first and last voyage—on April 15, 1912.\",\n    \"release_date\": \"1998-05-01\",\n    \"country\": \"USA\",\n    \"language\": \"English\",\n    \"producer\": \"James Cameron\",\n    \"director\": \"James Cameron\",\n    \"duration\": 194,\n    \"genre\": \"Drama, Romance\"\n}",
							"options": {
								"raw": {
									"language": "json"
								}
							}
						},
						"url": {
							"raw": "http://{{host}}:{{port}}/api/movies/{{movieId}}/",
							"protocol": "http",
							"host": [
								"{{host}}"
							],
							"port": "{{port}}",
							"path": [
								"api",
								"movies",
								"{{movieId}}",
								""
							]
						}
					},
					"response": []
				},
				{
					"name": "Delete Movies",
					"event": [
						{
							"listen": "test",
							"script": {
								"exec": [
									"pm.test('it should response 204 status code', () => {",
									"    pm.expect(pm.response).to.have.status(204);",
									"});",
									"",
									"pm.test('when GET movie details after delete', () => {",
									"    const movieId = pm.environment.get('movieId');",
									"",
									"    pm.sendRequest(`http://{{host}}:{{port}}/api/movies/${movieId}`, (error, response) => {",
									"        if (!error) {",
									"            pm.test('it should response with 404 status code', () => {",
									"                pm.expect(response.code).to.equal(404);",
									"            });",
									"        }",
									"    });",
									"});",
									""
								],
								"type": "text/javascript"
							}
						}
					],
					"request": {
						"method": "DELETE",
						"header": [],
						"url": {
							"raw": "http://{{host}}:{{port}}/api/movies/{{movieId}}/",
							"protocol": "http",
							"host": [
								"{{host}}"
							],
							"port": "{{port}}",
							"path": [
								"api",
								"movies",
								"{{movieId}}",
								""
							]
						}
					},
					"response": []
				}
			]
		},
		{
			"name": "Studios",
			"item": [
				{
					"name": "Add New Studios with Valid Data",
					"event": [
						{
							"listen": "test",
							"script": {
								"exec": [
									"pm.test('it should response 201 status code', () => {",
									"    pm.expect(pm.response).to.have.status(201);",
									"});",
									"",
									"pm.test('response Content-Type header should have application/json value', () => {",
									"    pm.expect(pm.response.headers.get('Content-Type')).to.includes('application/json');",
									"}); ",
									"",
									"pm.test('response body should be an object', () => {",
									"    const responseJson = pm.response.json();",
									"    pm.expect(responseJson).to.be.an('object');",
									"});",
									"",
									"pm.test('response body should have correct property types and non-empty ID', () => {",
									"    const responseJson = pm.response.json();",
									"    ",
									"    pm.expect(responseJson).to.have.property('id').that.is.a('string').and.is.not.empty;",
									"    pm.expect(responseJson).to.have.property('name').that.is.a('string');",
									"    pm.expect(responseJson).to.have.property('seat_capacity').that.is.a('number');",
									"",
									"    pm.environment.set('studioId', responseJson.id);",
									"});",
									""
								],
								"type": "text/javascript"
							}
						}
					],
					"request": {
						"method": "POST",
						"header": [],
						"body": {
							"mode": "raw",
							"raw": "{\n    \"name\": \"Studio 5\",\n    \"seat_capacity\": 400\n}",
							"options": {
								"raw": {
									"language": "json"
								}
							}
						},
						"url": {
							"raw": "http://{{host}}:{{port}}/api/studios/",
							"protocol": "http",
							"host": [
								"{{host}}"
							],
							"port": "{{port}}",
							"path": [
								"api",
								"studios",
								""
							]
						}
					},
					"response": []
				},
				{
					"name": "Get All Studios",
					"event": [
						{
							"listen": "test",
							"script": {
								"exec": [
									"pm.test('it should response 200 status code', () => {",
									"    pm.expect(pm.response).to.have.status(200);",
									"});",
									"",
									"pm.test('response Content-Type header should have application/json value', () => {",
									"    pm.expect(pm.response.headers.get('Content-Type')).to.includes('application/json');",
									"}); ",
									"",
									"pm.test('response body should an object', () => {",
									"    const responseJson = pm.response.json();",
									"    pm.expect(responseJson).to.be.an('object');",
									"});",
									"",
									"pm.test('response body have correct property and value', () => {",
									"    const responseJson = pm.response.json();",
									"",
									"    pm.expect(responseJson.studios).to.be.an('array');",
									"    pm.expect(responseJson.studios).to.length.least(1);",
									"});"
								],
								"type": "text/javascript"
							}
						}
					],
					"request": {
						"method": "GET",
						"header": [],
						"url": {
							"raw": "http://{{host}}:{{port}}/api/studios/",
							"protocol": "http",
							"host": [
								"{{host}}"
							],
							"port": "{{port}}",
							"path": [
								"api",
								"studios",
								""
							]
						}
					},
					"response": []
				},
				{
					"name": "Get Detail Studio",
					"event": [
						{
							"listen": "test",
							"script": {
								"exec": [
									"pm.test('it should response 200 status code', () => {",
									"    pm.expect(pm.response).to.have.status(200);",
									"});",
									"",
									"pm.test('response Content-Type header should have application/json value', () => {",
									"    pm.expect(pm.response.headers.get('Content-Type')).to.includes('application/json');",
									"}); ",
									"",
									"pm.test('response body should an object', () => {",
									"    const responseJson = pm.response.json();",
									"    pm.expect(responseJson).to.be.an('object');",
									"});",
									"",
									"pm.test('response body have correct property and value', () => {",
									"    const responseJson = pm.response.json();",
									"",
									"    pm.expect(responseJson).to.have.property('name').to.be.an('string')",
									"    pm.expect(responseJson).to.have.property('seat_capacity').to.be.an('number')",
									"});"
								],
								"type": "text/javascript"
							}
						}
					],
					"request": {
						"method": "GET",
						"header": [],
						"url": {
							"raw": "http://{{host}}:{{port}}/api/studios/{{studioId}}",
							"protocol": "http",
							"host": [
								"{{host}}"
							],
							"port": "{{port}}",
							"path": [
								"api",
								"studios",
								"{{studioId}}"
							]
						}
					},
					"response": []
				},
				{
					"name": "Edit Studios with Valid Data",
					"event": [
						{
							"listen": "test",
							"script": {
								"exec": [
									"pm.test('it should response 200 status code', () => {",
									"    pm.expect(pm.response).to.have.status(200);",
									"});",
									"",
									"pm.test('response Content-Type header should have application/json value', () => {",
									"    pm.expect(pm.response.headers.get('Content-Type')).to.includes('application/json');",
									"}); ",
									"",
									"pm.test('response body should be an object', () => {",
									"    const responseJson = pm.response.json();",
									"    pm.expect(responseJson).to.be.an('object');",
									"});",
									"",
									"pm.test('when GET studio details after update', () => {",
									"    const studioId = pm.environment.get('studioId');",
									"    const port = pm.environment.get('port');",
									"",
									"    pm.sendRequest(`http://{{host}}:{{port}}/api/studios/${studioId}/`, (error, response) => {",
									"        if (!error) {",
									"            pm.test('it should response with revised content', () => {",
									"                pm.expect(response.code).to.equal(200);",
									"",
									"                const responseJson = response.json();",
									"                ",
									"                pm.expect(responseJson).to.be.an('object');",
									"                pm.expect(responseJson.id).to.equal(studioId);",
									"                pm.expect(responseJson.seat_capacity).to.equal(340);",
									"            });",
									"        }",
									"    });",
									"});"
								],
								"type": "text/javascript"
							}
						}
					],
					"request": {
						"method": "PUT",
						"header": [],
						"body": {
							"mode": "raw",
							"raw": "{\n    \"name\": \"Studio 5\",\n    \"seat_capacity\": 340\n}",
							"options": {
								"raw": {
									"language": "json"
								}
							}
						},
						"url": {
							"raw": "http://{{host}}:{{port}}/api/studios/{{studioId}}/",
							"protocol": "http",
							"host": [
								"{{host}}"
							],
							"port": "{{port}}",
							"path": [
								"api",
								"studios",
								"{{studioId}}",
								""
							]
						}
					},
					"response": []
				},
				{
					"name": "Delete Studios",
					"event": [
						{
							"listen": "test",
							"script": {
								"exec": [
									"pm.test('it should response 204 status code', () => {",
									"    pm.expect(pm.response).to.have.status(204);",
									"});",
									"",
									"pm.test('when GET studios details after delete', () => {",
									"    const studioId = pm.environment.get('studioId');",
									"",
									"    pm.sendRequest(`http://{{host}}:{{port}}/api/studios/${studioId}`, (error, response) => {",
									"        if (!error) {",
									"            pm.test('it should response with 404 status code', () => {",
									"                pm.expect(response.code).to.equal(404);",
									"            });",
									"        }",
									"    });",
									"});",
									""
								],
								"type": "text/javascript"
							}
						}
					],
					"request": {
						"method": "DELETE",
						"header": [],
						"url": {
							"raw": "http://{{host}}:{{port}}/api/studios/{{studioId}}/",
							"protocol": "http",
							"host": [
								"{{host}}"
							],
							"port": "{{port}}",
							"path": [
								"api",
								"studios",
								"{{studioId}}",
								""
							]
						}
					},
					"response": []
				}
			]
		},
		{
			"name": "StudioManagers",
			"item": [
				{
					"name": "[No test] Prerequisite",
					"item": [
						{
							"name": "Add New Studios",
							"event": [
								{
									"listen": "test",
									"script": {
										"exec": [
											"const responseJson = pm.response.json();",
											"pm.environment.set('studioId', responseJson.id);"
										],
										"type": "text/javascript"
									}
								}
							],
							"request": {
								"auth": {
									"type": "bearer",
									"bearer": [
										{
											"key": "token",
											"value": "{{accessToken}}",
											"type": "string"
										}
									]
								},
								"method": "POST",
								"header": [],
								"body": {
									"mode": "raw",
									"raw": "{\n    \"name\": \"Studio 5\",\n    \"seat_capacity\": 400\n}",
									"options": {
										"raw": {
											"language": "json"
										}
									}
								},
								"url": {
									"raw": "http://{{host}}:{{port}}/api/studios/",
									"protocol": "http",
									"host": [
										"{{host}}"
									],
									"port": "{{port}}",
									"path": [
										"api",
										"studios",
										""
									]
								}
							},
							"response": []
						}
					]
				},
				{
					"name": "Add New Studio Managers with Valid Data",
					"event": [
						{
							"listen": "test",
							"script": {
								"exec": [
									"pm.test('it should response 201 status code', () => {",
									"    pm.expect(pm.response).to.have.status(201);",
									"});",
									"",
									"pm.test('response Content-Type header should have application/json value', () => {",
									"    pm.expect(pm.response.headers.get('Content-Type')).to.includes('application/json');",
									"}); ",
									"",
									"pm.test('response body should be an object', () => {",
									"    const responseJson = pm.response.json();",
									"    pm.expect(responseJson).to.be.an('object');",
									"});",
									"",
									"pm.test('response body should have correct property types and non-empty ID', () => {",
									"    const responseJson = pm.response.json();",
									"    ",
									"    pm.expect(responseJson).to.have.property('id').that.is.a('string').and.is.not.empty;",
									"    pm.expect(responseJson).to.have.property('user').that.is.a('string');",
									"    pm.expect(responseJson).to.have.property('studio').that.is.a('string');",
									"",
									"    pm.environment.set('studioManagerId', responseJson.id);",
									"});",
									""
								],
								"type": "text/javascript"
							}
						}
					],
					"request": {
						"method": "POST",
						"header": [],
						"body": {
							"mode": "raw",
							"raw": "{\n    \"user_id\": \"{{userId}}\",\n    \"studio_id\": \"{{studioId}}\"\n}",
							"options": {
								"raw": {
									"language": "json"
								}
							}
						},
						"url": {
							"raw": "http://{{host}}:{{port}}/api/studio-managers/",
							"protocol": "http",
							"host": [
								"{{host}}"
							],
							"port": "{{port}}",
							"path": [
								"api",
								"studio-managers",
								""
							]
						}
					},
					"response": []
				},
				{
					"name": "Get All Studio Managers",
					"event": [
						{
							"listen": "test",
							"script": {
								"exec": [
									"pm.test('it should response 200 status code', () => {",
									"    pm.expect(pm.response).to.have.status(200);",
									"});",
									"",
									"pm.test('response Content-Type header should have application/json value', () => {",
									"    pm.expect(pm.response.headers.get('Content-Type')).to.includes('application/json');",
									"}); ",
									"",
									"pm.test('response body should an object', () => {",
									"    const responseJson = pm.response.json();",
									"    pm.expect(responseJson).to.be.an('object');",
									"});",
									"",
									"pm.test('response body have correct property and value', () => {",
									"    const responseJson = pm.response.json();",
									"",
									"    pm.expect(responseJson['studio-managers']).to.be.an('array');",
									"    pm.expect(responseJson['studio-managers']).to.length.least(1);",
									"});"
								],
								"type": "text/javascript"
							}
						}
					],
					"request": {
						"method": "GET",
						"header": [],
						"url": {
							"raw": "http://{{host}}:{{port}}/api/studio-managers/",
							"protocol": "http",
							"host": [
								"{{host}}"
							],
							"port": "{{port}}",
							"path": [
								"api",
								"studio-managers",
								""
							]
						}
					},
					"response": []
				},
				{
					"name": "Get Detail Studio Manager",
					"event": [
						{
							"listen": "test",
							"script": {
								"exec": [
									"pm.test('it should response 200 status code', () => {",
									"    pm.expect(pm.response).to.have.status(200);",
									"});",
									"",
									"pm.test('response Content-Type header should have application/json value', () => {",
									"    pm.expect(pm.response.headers.get('Content-Type')).to.includes('application/json');",
									"}); ",
									"",
									"pm.test('response body should an object', () => {",
									"    const responseJson = pm.response.json();",
									"    pm.expect(responseJson).to.be.an('object');",
									"});",
									"",
									"pm.test('response body have correct property and value', () => {",
									"    const responseJson = pm.response.json();",
									"",
									"    pm.expect(responseJson).to.have.property('user').to.be.an('string')",
									"    pm.expect(responseJson).to.have.property('studio').to.be.an('string')",
									"});"
								],
								"type": "text/javascript"
							}
						}
					],
					"request": {
						"method": "GET",
						"header": [],
						"url": {
							"raw": "http://{{host}}:{{port}}/api/studio-managers/{{studioManagerId}}",
							"protocol": "http",
							"host": [
								"{{host}}"
							],
							"port": "{{port}}",
							"path": [
								"api",
								"studio-managers",
								"{{studioManagerId}}"
							]
						}
					},
					"response": []
				},
				{
					"name": "Edit Studio Managers with Valid Data",
					"event": [
						{
							"listen": "test",
							"script": {
								"exec": [
									"pm.test('it should response 200 status code', () => {",
									"    pm.expect(pm.response).to.have.status(200);",
									"});",
									"",
									"pm.test('response Content-Type header should have application/json value', () => {",
									"    pm.expect(pm.response.headers.get('Content-Type')).to.includes('application/json');",
									"}); ",
									"",
									"pm.test('response body should be an object', () => {",
									"    const responseJson = pm.response.json();",
									"    pm.expect(responseJson).to.be.an('object');",
									"});",
									"",
									"pm.test('when GET studio managers details after update', () => {",
									"    const studioManagerId = pm.environment.get('studioManagerId');",
									"    const newManagerId = pm.environment.get('newManagerId');",
									"    const port = pm.environment.get('port');",
									"",
									"    pm.sendRequest(`http://{{host}}:{{port}}/api/studio-managers/${studioManagerId}/`, (error, response) => {",
									"        if (!error) {",
									"            pm.test('it should response with revised content', () => {",
									"                pm.expect(response.code).to.equal(200);",
									"",
									"                const responseJson = response.json();",
									"                ",
									"                pm.expect(responseJson).to.be.an('object');",
									"                pm.expect(responseJson.id).to.equal(studioManagerId);",
									"                pm.expect(responseJson.user).to.equal(newManagerId);",
									"            });",
									"        }",
									"    });",
									"});"
								],
								"type": "text/javascript"
							}
						}
					],
					"request": {
						"method": "PUT",
						"header": [],
						"body": {
							"mode": "raw",
							"raw": "{\n    \"user_id\": \"{{newManagerId}}\",\n    \"studio_id\": \"{{studioId}}\"\n}",
							"options": {
								"raw": {
									"language": "json"
								}
							}
						},
						"url": {
							"raw": "http://{{host}}:{{port}}/api/studio-managers/{{studioManagerId}}/",
							"protocol": "http",
							"host": [
								"{{host}}"
							],
							"port": "{{port}}",
							"path": [
								"api",
								"studio-managers",
								"{{studioManagerId}}",
								""
							]
						}
					},
					"response": []
				},
				{
					"name": "Delete Studio Managers",
					"event": [
						{
							"listen": "test",
							"script": {
								"exec": [
									"pm.test('it should response 204 status code', () => {",
									"    pm.expect(pm.response).to.have.status(204);",
									"});",
									"",
									"pm.test('when GET studio managers details after delete', () => {",
									"    const studioManagerId = pm.environment.get('studioManagerId');",
									"",
									"    pm.sendRequest(`http://{{host}}:{{port}}/api/studio-managers/${studioManagerId}`, (error, response) => {",
									"        if (!error) {",
									"            pm.test('it should response with 404 status code', () => {",
									"                pm.expect(response.code).to.equal(404);",
									"            });",
									"        }",
									"    });",
									"});",
									""
								],
								"type": "text/javascript"
							}
						}
					],
					"request": {
						"method": "DELETE",
						"header": [],
						"url": {
							"raw": "http://{{host}}:{{port}}/api/studio-managers/{{studioManagerId}}/",
							"protocol": "http",
							"host": [
								"{{host}}"
							],
							"port": "{{port}}",
							"path": [
								"api",
								"studio-managers",
								"{{studioManagerId}}",
								""
							]
						}
					},
					"response": []
				}
			]
		},
		{
			"name": "Seats",
			"item": [
				{
					"name": "[No test] Prerequisite",
					"item": [
						{
							"name": "Add New Studios",
							"event": [
								{
									"listen": "test",
									"script": {
										"exec": [
											"const responseJson = pm.response.json();",
											"pm.environment.set('studioId', responseJson.id);"
										],
										"type": "text/javascript"
									}
								}
							],
							"request": {
								"auth": {
									"type": "bearer",
									"bearer": [
										{
											"key": "token",
											"value": "{{accessToken}}",
											"type": "string"
										}
									]
								},
								"method": "POST",
								"header": [],
								"body": {
									"mode": "raw",
									"raw": "{\n    \"name\": \"Studio 5\",\n    \"seat_capacity\": 400\n}",
									"options": {
										"raw": {
											"language": "json"
										}
									}
								},
								"url": {
									"raw": "http://{{host}}:{{port}}/api/studios/",
									"protocol": "http",
									"host": [
										"{{host}}"
									],
									"port": "{{port}}",
									"path": [
										"api",
										"studios",
										""
									]
								}
							},
							"response": []
						}
					]
				},
				{
					"name": "Add New Seats with Valid Data",
					"event": [
						{
							"listen": "test",
							"script": {
								"exec": [
									"pm.test('it should response 201 status code', () => {",
									"    pm.expect(pm.response).to.have.status(201);",
									"});",
									"",
									"pm.test('response Content-Type header should have application/json value', () => {",
									"    pm.expect(pm.response.headers.get('Content-Type')).to.includes('application/json');",
									"}); ",
									"",
									"pm.test('response body should be an object', () => {",
									"    const responseJson = pm.response.json();",
									"    pm.expect(responseJson).to.be.an('object');",
									"});",
									"",
									"pm.test('response body should have correct property types and non-empty ID', () => {",
									"    const responseJson = pm.response.json();",
									"    ",
									"    pm.expect(responseJson).to.have.property('id').that.is.a('string').and.is.not.empty;",
									"    pm.expect(responseJson).to.have.property('studio').that.is.a('string');",
									"    pm.expect(responseJson).to.have.property('seat_number').that.is.a('string');",
									"",
									"    pm.environment.set('seatId', responseJson.id);",
									"});",
									""
								],
								"type": "text/javascript"
							}
						}
					],
					"request": {
						"method": "POST",
						"header": [],
						"body": {
							"mode": "raw",
							"raw": "{\n    \"studio_id\": \"{{studioId}}\",\n    \"seat_number\": \"A13\"\n}",
							"options": {
								"raw": {
									"language": "json"
								}
							}
						},
						"url": {
							"raw": "http://{{host}}:{{port}}/api/seats/",
							"protocol": "http",
							"host": [
								"{{host}}"
							],
							"port": "{{port}}",
							"path": [
								"api",
								"seats",
								""
							]
						}
					},
					"response": []
				},
				{
					"name": "Get All Seats",
					"event": [
						{
							"listen": "test",
							"script": {
								"exec": [
									"pm.test('it should response 200 status code', () => {",
									"    pm.expect(pm.response).to.have.status(200);",
									"});",
									"",
									"pm.test('response Content-Type header should have application/json value', () => {",
									"    pm.expect(pm.response.headers.get('Content-Type')).to.includes('application/json');",
									"}); ",
									"",
									"pm.test('response body should an object', () => {",
									"    const responseJson = pm.response.json();",
									"    pm.expect(responseJson).to.be.an('object');",
									"});",
									"",
									"pm.test('response body have correct property and value', () => {",
									"    const responseJson = pm.response.json();",
									"",
									"    pm.expect(responseJson.seats).to.be.an('array');",
									"    pm.expect(responseJson.seats).to.length.least(1);",
									"});"
								],
								"type": "text/javascript"
							}
						}
					],
					"request": {
						"method": "GET",
						"header": [],
						"url": {
							"raw": "http://{{host}}:{{port}}/api/seats/",
							"protocol": "http",
							"host": [
								"{{host}}"
							],
							"port": "{{port}}",
							"path": [
								"api",
								"seats",
								""
							]
						}
					},
					"response": []
				},
				{
					"name": "Edit Seats with Valid Data",
					"event": [
						{
							"listen": "test",
							"script": {
								"exec": [
									"pm.test('it should response 200 status code', () => {",
									"    pm.expect(pm.response).to.have.status(200);",
									"});",
									"",
									"pm.test('response Content-Type header should have application/json value', () => {",
									"    pm.expect(pm.response.headers.get('Content-Type')).to.includes('application/json');",
									"}); ",
									"",
									"pm.test('response body should be an object', () => {",
									"    const responseJson = pm.response.json();",
									"    pm.expect(responseJson).to.be.an('object');",
									"});",
									"",
									"pm.test('when GET seats details after update', () => {",
									"    const seatId = pm.environment.get('seatId');",
									"    const port = pm.environment.get('port');",
									"",
									"    pm.sendRequest(`http://{{host}}:{{port}}/api/seats/${seatId}/`, (error, response) => {",
									"        if (!error) {",
									"            pm.test('it should response with revised content', () => {",
									"                pm.expect(response.code).to.equal(200);",
									"",
									"                const responseJson = response.json();",
									"                ",
									"                pm.expect(responseJson.id).to.equal(seatId);",
									"                pm.expect(responseJson.seat_number).to.equal('A-13');",
									"            });",
									"        }",
									"    });",
									"});"
								],
								"type": "text/javascript"
							}
						}
					],
					"request": {
						"method": "PUT",
						"header": [],
						"body": {
							"mode": "raw",
							"raw": "{\n    \"studio_id\": \"{{studioId}}\",\n    \"seat_number\": \"A-13\"\n}",
							"options": {
								"raw": {
									"language": "json"
								}
							}
						},
						"url": {
							"raw": "http://{{host}}:{{port}}/api/seats/{{seatId}}/",
							"protocol": "http",
							"host": [
								"{{host}}"
							],
							"port": "{{port}}",
							"path": [
								"api",
								"seats",
								"{{seatId}}",
								""
							]
						}
					},
					"response": []
				},
				{
					"name": "Delete Seats",
					"event": [
						{
							"listen": "test",
							"script": {
								"exec": [
									"pm.test('it should response 204 status code', () => {",
									"    pm.expect(pm.response).to.have.status(204);",
									"});",
									"",
									"pm.test('when GET seats details after delete', () => {",
									"    const seatId = pm.environment.get('seatId');",
									"",
									"    pm.sendRequest(`http://{{host}}:{{port}}/api/seats/${seatId}`, (error, response) => {",
									"        if (!error) {",
									"            pm.test('it should response with 404 status code', () => {",
									"                pm.expect(response.code).to.equal(404);",
									"            });",
									"        }",
									"    });",
									"});",
									""
								],
								"type": "text/javascript"
							}
						}
					],
					"request": {
						"method": "DELETE",
						"header": [],
						"url": {
							"raw": "http://{{host}}:{{port}}/api/seats/{{seatId}}/",
							"protocol": "http",
							"host": [
								"{{host}}"
							],
							"port": "{{port}}",
							"path": [
								"api",
								"seats",
								"{{seatId}}",
								""
							]
						}
					},
					"response": []
				}
			]
		},
		{
			"name": "Showtimes",
			"item": [
				{
					"name": "[No test] Prerequisite",
					"item": [
						{
							"name": "Add New Studios",
							"event": [
								{
									"listen": "test",
									"script": {
										"exec": [
											"const responseJson = pm.response.json();",
											"pm.environment.set('studioId', responseJson.id);"
										],
										"type": "text/javascript"
									}
								}
							],
							"request": {
								"auth": {
									"type": "bearer",
									"bearer": [
										{
											"key": "token",
											"value": "{{accessToken}}",
											"type": "string"
										}
									]
								},
								"method": "POST",
								"header": [],
								"body": {
									"mode": "raw",
									"raw": "{\n    \"name\": \"Studio 5\",\n    \"seat_capacity\": 400\n}",
									"options": {
										"raw": {
											"language": "json"
										}
									}
								},
								"url": {
									"raw": "http://{{host}}:{{port}}/api/studios/",
									"protocol": "http",
									"host": [
										"{{host}}"
									],
									"port": "{{port}}",
									"path": [
										"api",
										"studios",
										""
									]
								}
							},
							"response": []
						},
						{
							"name": "Add New Movies",
							"event": [
								{
									"listen": "test",
									"script": {
										"exec": [
											"const responseJson = pm.response.json();",
											"pm.environment.set('movieId', responseJson.id);"
										],
										"type": "text/javascript"
									}
								}
							],
							"request": {
								"auth": {
									"type": "bearer",
									"bearer": [
										{
											"key": "token",
											"value": "{{accessToken}}",
											"type": "string"
										}
									]
								},
								"method": "POST",
								"header": [],
								"body": {
									"mode": "raw",
									"raw": "{\n    \"name\": \"Titanic (1997 film)\",\n    \"overview\": \"101-year-old Rose DeWitt Bukater tells the story of her life aboard the Titanic, 84 years later. A young Rose boards the ship with her mother and fiancé. Meanwhile, Jack Dawson and Fabrizio De Rossi win third-class tickets aboard the ship. Rose tells the whole story from Titanic's departure through to its death—on its first and last voyage—on April 15, 1912.\",\n    \"release_date\": \"1998-05-01\",\n    \"country\": \"USA\",\n    \"language\": \"English\",\n    \"producer\": \"James Cameron\",\n    \"director\": \"James Cameron\",\n    \"duration\": 194,\n    \"genre\": \"Drama, Romance\"\n}",
									"options": {
										"raw": {
											"language": "json"
										}
									}
								},
								"url": {
									"raw": "http://{{host}}:{{port}}/api/movies/",
									"protocol": "http",
									"host": [
										"{{host}}"
									],
									"port": "{{port}}",
									"path": [
										"api",
										"movies",
										""
									]
								}
							},
							"response": []
						}
					]
				},
				{
					"name": "Add New Showtimes with Valid Data",
					"event": [
						{
							"listen": "test",
							"script": {
								"exec": [
									"pm.test('it should response 201 status code', () => {",
									"    pm.expect(pm.response).to.have.status(201);",
									"});",
									"",
									"pm.test('response Content-Type header should have application/json value', () => {",
									"    pm.expect(pm.response.headers.get('Content-Type')).to.includes('application/json');",
									"}); ",
									"",
									"pm.test('response body should be an object', () => {",
									"    const responseJson = pm.response.json();",
									"    pm.expect(responseJson).to.be.an('object');",
									"});",
									"",
									"pm.test('response body should have correct property types and non-empty ID', () => {",
									"    const responseJson = pm.response.json();",
									"    ",
									"    pm.expect(responseJson).to.have.property('id').that.is.a('string').and.is.not.empty;",
									"    pm.expect(responseJson).to.have.property('movie').that.is.a('string');",
									"    pm.expect(responseJson).to.have.property('studio').that.is.a('string');",
									"    pm.expect(responseJson).to.have.property('start_time').that.is.a('string');",
									"    pm.expect(responseJson).to.have.property('end_time').that.is.a('string');",
									"",
									"    pm.environment.set('showtimeId', responseJson.id);",
									"});",
									""
								],
								"type": "text/javascript"
							}
						}
					],
					"request": {
						"method": "POST",
						"header": [],
						"body": {
							"mode": "raw",
							"raw": "{\n    \"movie_id\": \"{{movieId}}\",\n    \"studio_id\": \"{{studioId}}\",\n    \"start_time\": \"2025-01-02\",\n    \"end_time\": \"2025-01-10\"\n}",
							"options": {
								"raw": {
									"language": "json"
								}
							}
						},
						"url": {
							"raw": "http://{{host}}:{{port}}/api/showtimes/",
							"protocol": "http",
							"host": [
								"{{host}}"
							],
							"port": "{{port}}",
							"path": [
								"api",
								"showtimes",
								""
							]
						}
					},
					"response": []
				},
				{
					"name": "Get All Showtimes",
					"event": [
						{
							"listen": "test",
							"script": {
								"exec": [
									"pm.test('it should response 200 status code', () => {",
									"    pm.expect(pm.response).to.have.status(200);",
									"});",
									"",
									"pm.test('response Content-Type header should have application/json value', () => {",
									"    pm.expect(pm.response.headers.get('Content-Type')).to.includes('application/json');",
									"}); ",
									"",
									"pm.test('response body should an object', () => {",
									"    const responseJson = pm.response.json();",
									"    pm.expect(responseJson).to.be.an('object');",
									"});",
									"",
									"pm.test('response body have correct property and value', () => {",
									"    const responseJson = pm.response.json();",
									"",
									"    pm.expect(responseJson.showtimes).to.be.an('array');",
									"    pm.expect(responseJson.showtimes).to.length.least(1);",
									"});"
								],
								"type": "text/javascript"
							}
						}
					],
					"request": {
						"method": "GET",
						"header": [],
						"url": {
							"raw": "http://{{host}}:{{port}}/api/showtimes/",
							"protocol": "http",
							"host": [
								"{{host}}"
							],
							"port": "{{port}}",
							"path": [
								"api",
								"showtimes",
								""
							]
						}
					},
					"response": []
				},
				{
					"name": "Get Detail Showtime",
					"event": [
						{
							"listen": "test",
							"script": {
								"exec": [
									"pm.test('it should response 200 status code', () => {",
									"    pm.expect(pm.response).to.have.status(200);",
									"});",
									"",
									"pm.test('response Content-Type header should have application/json value', () => {",
									"    pm.expect(pm.response.headers.get('Content-Type')).to.includes('application/json');",
									"}); ",
									"",
									"pm.test('response body should an object', () => {",
									"    const responseJson = pm.response.json();",
									"    pm.expect(responseJson).to.be.an('object');",
									"});",
									"",
									"pm.test('response body have correct property and value', () => {",
									"    const responseJson = pm.response.json();",
									"",
									"    pm.expect(responseJson).to.have.property('movie').to.be.an('string')",
									"    pm.expect(responseJson).to.have.property('studio').to.be.an('string')",
									"    pm.expect(responseJson).to.have.property('start_time').to.be.an('string')",
									"    pm.expect(responseJson).to.have.property('end_time').to.be.an('string')",
									"});"
								],
								"type": "text/javascript"
							}
						}
					],
					"request": {
						"method": "GET",
						"header": [],
						"url": {
							"raw": "http://{{host}}:{{port}}/api/showtimes/{{showtimeId}}",
							"protocol": "http",
							"host": [
								"{{host}}"
							],
							"port": "{{port}}",
							"path": [
								"api",
								"showtimes",
								"{{showtimeId}}"
							]
						}
					},
					"response": []
				},
				{
					"name": "Edit Showtimes with Valid Data",
					"event": [
						{
							"listen": "test",
							"script": {
								"exec": [
									"pm.test('it should response 200 status code', () => {",
									"    pm.expect(pm.response).to.have.status(200);",
									"});",
									"",
									"pm.test('response Content-Type header should have application/json value', () => {",
									"    pm.expect(pm.response.headers.get('Content-Type')).to.includes('application/json');",
									"}); ",
									"",
									"pm.test('response body should be an object', () => {",
									"    const responseJson = pm.response.json();",
									"    pm.expect(responseJson).to.be.an('object');",
									"});",
									"",
									"pm.test('when GET showtimes details after update', () => {",
									"    const showtimeId = pm.environment.get('showtimeId');",
									"    const port = pm.environment.get('port');",
									"",
									"    pm.sendRequest(`http://{{host}}:{{port}}/api/showtimes/${showtimeId}/`, (error, response) => {",
									"        if (!error) {",
									"            pm.test('it should response with revised content', () => {",
									"                pm.expect(response.code).to.equal(200);",
									"",
									"                const responseJson = response.json();",
									"                ",
									"                pm.expect(responseJson.id).to.equal(showtimeId);",
									"                pm.expect(responseJson.start_time).to.equal('2025-01-22T00:00:00Z');",
									"            });",
									"        }",
									"    });",
									"});"
								],
								"type": "text/javascript"
							}
						}
					],
					"request": {
						"method": "PUT",
						"header": [],
						"body": {
							"mode": "raw",
							"raw": "{\n    \"movie_id\": \"{{movieId}}\",\n    \"studio_id\": \"{{studioId}}\",\n    \"start_time\": \"2025-01-22\",\n    \"end_time\": \"2025-01-10\"\n}",
							"options": {
								"raw": {
									"language": "json"
								}
							}
						},
						"url": {
							"raw": "http://{{host}}:{{port}}/api/showtimes/{{showtimeId}}/",
							"protocol": "http",
							"host": [
								"{{host}}"
							],
							"port": "{{port}}",
							"path": [
								"api",
								"showtimes",
								"{{showtimeId}}",
								""
							]
						}
					},
					"response": []
				},
				{
					"name": "Delete Showtimes",
					"event": [
						{
							"listen": "test",
							"script": {
								"exec": [
									"pm.test('it should response 204 status code', () => {",
									"    pm.expect(pm.response).to.have.status(204);",
									"});",
									"",
									"pm.test('when GET showtimes details after delete', () => {",
									"    const showtimeId = pm.environment.get('showtimeId');",
									"",
									"    pm.sendRequest(`http://{{host}}:{{port}}/api/showtimes/${showtimeId}`, (error, response) => {",
									"        if (!error) {",
									"            pm.test('it should response with 404 status code', () => {",
									"                pm.expect(response.code).to.equal(404);",
									"            });",
									"        }",
									"    });",
									"});",
									""
								],
								"type": "text/javascript"
							}
						}
					],
					"request": {
						"method": "DELETE",
						"header": [],
						"url": {
							"raw": "http://{{host}}:{{port}}/api/showtimes/{{showtimeId}}/",
							"protocol": "http",
							"host": [
								"{{host}}"
							],
							"port": "{{port}}",
							"path": [
								"api",
								"showtimes",
								"{{showtimeId}}",
								""
							]
						}
					},
					"response": []
				}
			]
		},
		{
			"name": "Reservations",
			"item": [
				{
					"name": "[No test] Prerequisite",
					"item": [
						{
							"name": "Add New Studios",
							"event": [
								{
									"listen": "test",
									"script": {
										"exec": [
											"const responseJson = pm.response.json();",
											"pm.environment.set('studioId', responseJson.id);"
										],
										"type": "text/javascript"
									}
								}
							],
							"request": {
								"method": "POST",
								"header": [],
								"body": {
									"mode": "raw",
									"raw": "{\n    \"name\": \"Studio 5\",\n    \"seat_capacity\": 400\n}",
									"options": {
										"raw": {
											"language": "json"
										}
									}
								},
								"url": {
									"raw": "http://{{host}}:{{port}}/api/studios/",
									"protocol": "http",
									"host": [
										"{{host}}"
									],
									"port": "{{port}}",
									"path": [
										"api",
										"studios",
										""
									]
								}
							},
							"response": []
						},
						{
							"name": "Add New Movies",
							"event": [
								{
									"listen": "test",
									"script": {
										"exec": [
											"const responseJson = pm.response.json();",
											"pm.environment.set('movieId', responseJson.id);"
										],
										"type": "text/javascript"
									}
								}
							],
							"request": {
								"method": "POST",
								"header": [],
								"body": {
									"mode": "raw",
									"raw": "{\n    \"name\": \"Titanic (1997 film)\",\n    \"overview\": \"101-year-old Rose DeWitt Bukater tells the story of her life aboard the Titanic, 84 years later. A young Rose boards the ship with her mother and fiancé. Meanwhile, Jack Dawson and Fabrizio De Rossi win third-class tickets aboard the ship. Rose tells the whole story from Titanic's departure through to its death—on its first and last voyage—on April 15, 1912.\",\n    \"release_date\": \"1998-05-01\",\n    \"country\": \"USA\",\n    \"language\": \"English\",\n    \"producer\": \"James Cameron\",\n    \"director\": \"James Cameron\",\n    \"duration\": 194,\n    \"genre\": \"Drama, Romance\"\n}",
									"options": {
										"raw": {
											"language": "json"
										}
									}
								},
								"url": {
									"raw": "http://{{host}}:{{port}}/api/movies/",
									"protocol": "http",
									"host": [
										"{{host}}"
									],
									"port": "{{port}}",
									"path": [
										"api",
										"movies",
										""
									]
								}
							},
							"response": []
						},
						{
							"name": "Add New Showtimes",
							"event": [
								{
									"listen": "test",
									"script": {
										"exec": [
											"const responseJson = pm.response.json();",
											"pm.environment.set('showtimeId', responseJson.id);"
										],
										"type": "text/javascript"
									}
								}
							],
							"request": {
								"method": "POST",
								"header": [],
								"body": {
									"mode": "raw",
									"raw": "{\n    \"movie_id\": \"{{movieId}}\",\n    \"studio_id\": \"{{studioId}}\",\n    \"start_time\": \"2025-01-02\",\n    \"end_time\": \"2025-01-10\"\n}",
									"options": {
										"raw": {
											"language": "json"
										}
									}
								},
								"url": {
									"raw": "http://{{host}}:{{port}}/api/showtimes/",
									"protocol": "http",
									"host": [
										"{{host}}"
									],
									"port": "{{port}}",
									"path": [
										"api",
										"showtimes",
										""
									]
								}
							},
							"response": []
						}
					]
				},
				{
					"name": "Add New Reservations with Valid Data",
					"event": [
						{
							"listen": "test",
							"script": {
								"exec": [
									"pm.test('it should response 201 status code', () => {",
									"    pm.expect(pm.response).to.have.status(201);",
									"});",
									"",
									"pm.test('response Content-Type header should have application/json value', () => {",
									"    pm.expect(pm.response.headers.get('Content-Type')).to.includes('application/json');",
									"}); ",
									"",
									"pm.test('response body should be an object', () => {",
									"    const responseJson = pm.response.json();",
									"    pm.expect(responseJson).to.be.an('object');",
									"});",
									"",
									"pm.test('response body should have correct property types and non-empty ID', () => {",
									"    const responseJson = pm.response.json();",
									"    ",
									"    pm.expect(responseJson).to.have.property('id').that.is.a('string').and.is.not.empty;",
									"    pm.expect(responseJson).to.have.property('user').that.is.a('string');",
									"    pm.expect(responseJson).to.have.property('showtime').that.is.a('string');",
									"    pm.expect(responseJson).to.have.property('amount').that.is.a('number');",
									"    pm.expect(responseJson).to.have.property('reserved_at').that.is.a('string');",
									"",
									"    pm.environment.set('reservationId', responseJson.id);",
									"});",
									""
								],
								"type": "text/javascript"
							}
						}
					],
					"request": {
						"method": "POST",
						"header": [],
						"body": {
							"mode": "raw",
							"raw": "{\n    \"user_id\": \"{{userId}}\",\n    \"showtime_id\": \"{{showtimeId}}\",\n    \"amount\": 2\n}",
							"options": {
								"raw": {
									"language": "json"
								}
							}
						},
						"url": {
							"raw": "http://{{host}}:{{port}}/api/reservations/",
							"protocol": "http",
							"host": [
								"{{host}}"
							],
							"port": "{{port}}",
							"path": [
								"api",
								"reservations",
								""
							]
						}
					},
					"response": []
				},
				{
					"name": "Get All Reservations",
					"event": [
						{
							"listen": "test",
							"script": {
								"exec": [
									"pm.test('it should response 200 status code', () => {",
									"    pm.expect(pm.response).to.have.status(200);",
									"});",
									"",
									"pm.test('response Content-Type header should have application/json value', () => {",
									"    pm.expect(pm.response.headers.get('Content-Type')).to.includes('application/json');",
									"}); ",
									"",
									"pm.test('response body should an object', () => {",
									"    const responseJson = pm.response.json();",
									"    pm.expect(responseJson).to.be.an('object');",
									"});",
									"",
									"pm.test('response body have correct property and value', () => {",
									"    const responseJson = pm.response.json();",
									"",
									"    pm.expect(responseJson.reservations).to.be.an('array');",
									"    pm.expect(responseJson.reservations).to.length.least(1);",
									"});"
								],
								"type": "text/javascript"
							}
						}
					],
					"request": {
						"method": "GET",
						"header": [],
						"url": {
							"raw": "http://{{host}}:{{port}}/api/reservations/",
							"protocol": "http",
							"host": [
								"{{host}}"
							],
							"port": "{{port}}",
							"path": [
								"api",
								"reservations",
								""
							]
						}
					},
					"response": []
				},
				{
					"name": "Get Detail Reservation",
					"event": [
						{
							"listen": "test",
							"script": {
								"exec": [
									"pm.test('it should response 200 status code', () => {",
									"    pm.expect(pm.response).to.have.status(200);",
									"});",
									"",
									"pm.test('response Content-Type header should have application/json value', () => {",
									"    pm.expect(pm.response.headers.get('Content-Type')).to.includes('application/json');",
									"}); ",
									"",
									"pm.test('response body should an object', () => {",
									"    const responseJson = pm.response.json();",
									"    pm.expect(responseJson).to.be.an('object');",
									"});",
									"",
									"pm.test('response body have correct property and value', () => {",
									"    const responseJson = pm.response.json();",
									"",
									"    pm.expect(responseJson).to.have.property('user').to.be.an('string')",
									"    pm.expect(responseJson).to.have.property('showtime').to.be.an('string')",
									"    pm.expect(responseJson).to.have.property('amount').to.be.an('number')",
									"    pm.expect(responseJson).to.have.property('reserved_at').to.be.an('string')",
									"});"
								],
								"type": "text/javascript"
							}
						}
					],
					"request": {
						"method": "GET",
						"header": [],
						"url": {
							"raw": "http://{{host}}:{{port}}/api/reservations/{{reservationId}}",
							"protocol": "http",
							"host": [
								"{{host}}"
							],
							"port": "{{port}}",
							"path": [
								"api",
								"reservations",
								"{{reservationId}}"
							]
						}
					},
					"response": []
				},
				{
					"name": "Edit Reservations with Valid Data",
					"event": [
						{
							"listen": "test",
							"script": {
								"exec": [
									"pm.test('it should response 200 status code', () => {",
									"    pm.expect(pm.response).to.have.status(200);",
									"});",
									"",
									"pm.test('response Content-Type header should have application/json value', () => {",
									"    pm.expect(pm.response.headers.get('Content-Type')).to.includes('application/json');",
									"}); ",
									"",
									"pm.test('response body should be an object', () => {",
									"    const responseJson = pm.response.json();",
									"    pm.expect(responseJson).to.be.an('object');",
									"});",
									"",
									"pm.test('when GET reservations details after update', () => {",
									"    const reservationId = pm.environment.get('reservationId');",
									"    const port = pm.environment.get('port');",
									"",
									"    pm.sendRequest(`http://{{host}}:{{port}}/api/reservations/${reservationId}/`, (error, response) => {",
									"        if (!error) {",
									"            pm.test('it should response with revised content', () => {",
									"                pm.expect(response.code).to.equal(200);",
									"",
									"                const responseJson = response.json();",
									"                ",
									"                pm.expect(responseJson.id).to.equal(reservationId);",
									"                pm.expect(responseJson.amount).to.equal(5);",
									"            });",
									"        }",
									"    });",
									"});"
								],
								"type": "text/javascript"
							}
						}
					],
					"request": {
						"method": "PUT",
						"header": [],
						"body": {
							"mode": "raw",
							"raw": "{\n    \"user_id\": \"{{userId}}\",\n    \"showtime_id\": \"{{showtimeId}}\",\n    \"amount\": 5\n}",
							"options": {
								"raw": {
									"language": "json"
								}
							}
						},
						"url": {
							"raw": "http://{{host}}:{{port}}/api/reservations/{{reservationId}}/",
							"protocol": "http",
							"host": [
								"{{host}}"
							],
							"port": "{{port}}",
							"path": [
								"api",
								"reservations",
								"{{reservationId}}",
								""
							]
						}
					},
					"response": []
				},
				{
					"name": "Delete Reservations",
					"event": [
						{
							"listen": "test",
							"script": {
								"exec": [
									"pm.test('it should response 204 status code', () => {",
									"    pm.expect(pm.response).to.have.status(204);",
									"});",
									"",
									"pm.test('when GET reservations details after delete', () => {",
									"    const reservationId = pm.environment.get('reservationId');",
									"",
									"    pm.sendRequest(`http://{{host}}:{{port}}/api/reservations/${reservationId}`, (error, response) => {",
									"        if (!error) {",
									"            pm.test('it should response with 404 status code', () => {",
									"                pm.expect(response.code).to.equal(404);",
									"            });",
									"        }",
									"    });",
									"});",
									""
								],
								"type": "text/javascript"
							}
						}
					],
					"request": {
						"method": "DELETE",
						"header": [],
						"url": {
							"raw": "http://{{host}}:{{port}}/api/reservations/{{reservationId}}/",
							"protocol": "http",
							"host": [
								"{{host}}"
							],
							"port": "{{port}}",
							"path": [
								"api",
								"reservations",
								"{{reservationId}}",
								""
							]
						}
					},
					"response": []
				}
			]
		},
		{
			"name": "ReservedSeats",
			"item": [
				{
					"name": "[No test] Prerequisite",
					"item": [
						{
							"name": "Add New Studios",
							"event": [
								{
									"listen": "test",
									"script": {
										"exec": [
											"const responseJson = pm.response.json();",
											"pm.environment.set('studioId', responseJson.id);"
										],
										"type": "text/javascript"
									}
								}
							],
							"request": {
								"method": "POST",
								"header": [],
								"body": {
									"mode": "raw",
									"raw": "{\n    \"name\": \"Studio 5\",\n    \"seat_capacity\": 400\n}",
									"options": {
										"raw": {
											"language": "json"
										}
									}
								},
								"url": {
									"raw": "http://{{host}}:{{port}}/api/studios/",
									"protocol": "http",
									"host": [
										"{{host}}"
									],
									"port": "{{port}}",
									"path": [
										"api",
										"studios",
										""
									]
								}
							},
							"response": []
						},
						{
							"name": "Add New Movies",
							"event": [
								{
									"listen": "test",
									"script": {
										"exec": [
											"const responseJson = pm.response.json();",
											"pm.environment.set('movieId', responseJson.id);"
										],
										"type": "text/javascript"
									}
								}
							],
							"request": {
								"method": "POST",
								"header": [],
								"body": {
									"mode": "raw",
									"raw": "{\n    \"name\": \"Titanic (1997 film)\",\n    \"overview\": \"101-year-old Rose DeWitt Bukater tells the story of her life aboard the Titanic, 84 years later. A young Rose boards the ship with her mother and fiancé. Meanwhile, Jack Dawson and Fabrizio De Rossi win third-class tickets aboard the ship. Rose tells the whole story from Titanic's departure through to its death—on its first and last voyage—on April 15, 1912.\",\n    \"release_date\": \"1998-05-01\",\n    \"country\": \"USA\",\n    \"language\": \"English\",\n    \"producer\": \"James Cameron\",\n    \"director\": \"James Cameron\",\n    \"duration\": 194,\n    \"genre\": \"Drama, Romance\"\n}",
									"options": {
										"raw": {
											"language": "json"
										}
									}
								},
								"url": {
									"raw": "http://{{host}}:{{port}}/api/movies/",
									"protocol": "http",
									"host": [
										"{{host}}"
									],
									"port": "{{port}}",
									"path": [
										"api",
										"movies",
										""
									]
								}
							},
							"response": []
						},
						{
							"name": "Add New Showtimes with Valid Data",
							"event": [
								{
									"listen": "test",
									"script": {
										"exec": [
											"const responseJson = pm.response.json();",
											"pm.environment.set('showtimeId', responseJson.id);"
										],
										"type": "text/javascript"
									}
								}
							],
							"request": {
								"method": "POST",
								"header": [],
								"body": {
									"mode": "raw",
									"raw": "{\n    \"movie_id\": \"{{movieId}}\",\n    \"studio_id\": \"{{studioId}}\",\n    \"start_time\": \"2025-01-02\",\n    \"end_time\": \"2025-01-10\"\n}",
									"options": {
										"raw": {
											"language": "json"
										}
									}
								},
								"url": {
									"raw": "http://{{host}}:{{port}}/api/showtimes/",
									"protocol": "http",
									"host": [
										"{{host}}"
									],
									"port": "{{port}}",
									"path": [
										"api",
										"showtimes",
										""
									]
								}
							},
							"response": []
						},
						{
							"name": "Add New Seats",
							"event": [
								{
									"listen": "test",
									"script": {
										"exec": [
											"const responseJson = pm.response.json();",
											"pm.environment.set('seatId', responseJson.id);"
										],
										"type": "text/javascript"
									}
								}
							],
							"request": {
								"method": "POST",
								"header": [],
								"body": {
									"mode": "raw",
									"raw": "{\n    \"studio_id\": \"{{studioId}}\",\n    \"seat_number\": \"A13\"\n}",
									"options": {
										"raw": {
											"language": "json"
										}
									}
								},
								"url": {
									"raw": "http://{{host}}:{{port}}/api/seats/",
									"protocol": "http",
									"host": [
										"{{host}}"
									],
									"port": "{{port}}",
									"path": [
										"api",
										"seats",
										""
									]
								}
							},
							"response": []
						},
						{
							"name": "Add New Seats for Edit",
							"event": [
								{
									"listen": "test",
									"script": {
										"exec": [
											"const responseJson = pm.response.json();",
											"pm.environment.set('newSeatId', responseJson.id);"
										],
										"type": "text/javascript"
									}
								}
							],
							"request": {
								"method": "POST",
								"header": [],
								"body": {
									"mode": "raw",
									"raw": "{\n    \"studio_id\": \"{{studioId}}\",\n    \"seat_number\": \"A17\"\n}",
									"options": {
										"raw": {
											"language": "json"
										}
									}
								},
								"url": {
									"raw": "http://{{host}}:{{port}}/api/seats/",
									"protocol": "http",
									"host": [
										"{{host}}"
									],
									"port": "{{port}}",
									"path": [
										"api",
										"seats",
										""
									]
								}
							},
							"response": []
						},
						{
							"name": "Add New Reservations with Valid Data Copy",
							"event": [
								{
									"listen": "test",
									"script": {
										"exec": [
											"const responseJson = pm.response.json();",
											"pm.environment.set('reservationId', responseJson.id);"
										],
										"type": "text/javascript"
									}
								}
							],
							"request": {
								"method": "POST",
								"header": [],
								"body": {
									"mode": "raw",
									"raw": "{\n    \"user_id\": \"{{userId}}\",\n    \"showtime_id\": \"{{showtimeId}}\",\n    \"amount\": 2\n}",
									"options": {
										"raw": {
											"language": "json"
										}
									}
								},
								"url": {
									"raw": "http://{{host}}:{{port}}/api/reservations/",
									"protocol": "http",
									"host": [
										"{{host}}"
									],
									"port": "{{port}}",
									"path": [
										"api",
										"reservations",
										""
									]
								}
							},
							"response": []
						}
					]
				},
				{
					"name": "Add New Reserved Seats with Valid Data",
					"event": [
						{
							"listen": "test",
							"script": {
								"exec": [
									"pm.test('it should response 201 status code', () => {",
									"    pm.expect(pm.response).to.have.status(201);",
									"});",
									"",
									"pm.test('response Content-Type header should have application/json value', () => {",
									"    pm.expect(pm.response.headers.get('Content-Type')).to.includes('application/json');",
									"}); ",
									"",
									"pm.test('response body should be an object', () => {",
									"    const responseJson = pm.response.json();",
									"    pm.expect(responseJson).to.be.an('object');",
									"});",
									"",
									"pm.test('response body should have correct property types and non-empty ID', () => {",
									"    const responseJson = pm.response.json();",
									"    ",
									"    pm.expect(responseJson).to.have.property('id').that.is.a('string').and.is.not.empty;",
									"    pm.expect(responseJson).to.have.property('seat').that.is.a('string');",
									"    pm.expect(responseJson).to.have.property('showtime').that.is.a('string');",
									"    pm.expect(responseJson).to.have.property('reservation').that.is.a('string');",
									"",
									"    pm.environment.set('reservedSeatId', responseJson.id);",
									"});",
									""
								],
								"type": "text/javascript"
							}
						}
					],
					"request": {
						"method": "POST",
						"header": [],
						"body": {
							"mode": "raw",
							"raw": "{\n    \"seat_id\": \"{{seatId}}\",\n    \"showtime_id\": \"{{showtimeId}}\",\n    \"reservation_id\": \"{{reservationId}}\"\n}",
							"options": {
								"raw": {
									"language": "json"
								}
							}
						},
						"url": {
							"raw": "http://{{host}}:{{port}}/api/reserved-seats/",
							"protocol": "http",
							"host": [
								"{{host}}"
							],
							"port": "{{port}}",
							"path": [
								"api",
								"reserved-seats",
								""
							]
						}
					},
					"response": []
				},
				{
					"name": "Get All Reserved Seats",
					"event": [
						{
							"listen": "test",
							"script": {
								"exec": [
									"pm.test('it should response 200 status code', () => {",
									"    pm.expect(pm.response).to.have.status(200);",
									"});",
									"",
									"pm.test('response Content-Type header should have application/json value', () => {",
									"    pm.expect(pm.response.headers.get('Content-Type')).to.includes('application/json');",
									"}); ",
									"",
									"pm.test('response body should an object', () => {",
									"    const responseJson = pm.response.json();",
									"    pm.expect(responseJson).to.be.an('object');",
									"});",
									"",
									"pm.test('response body have correct property and value', () => {",
									"    const responseJson = pm.response.json();",
									"",
									"    pm.expect(responseJson['reserved-seats']).to.be.an('array');",
									"    pm.expect(responseJson['reserved-seats']).to.length.least(1);",
									"});"
								],
								"type": "text/javascript"
							}
						}
					],
					"request": {
						"method": "GET",
						"header": [],
						"url": {
							"raw": "http://{{host}}:{{port}}/api/reserved-seats/",
							"protocol": "http",
							"host": [
								"{{host}}"
							],
							"port": "{{port}}",
							"path": [
								"api",
								"reserved-seats",
								""
							]
						}
					},
					"response": []
				},
				{
					"name": "Edit Reserved Seats with Valid Data",
					"event": [
						{
							"listen": "test",
							"script": {
								"exec": [
									"pm.test('it should response 200 status code', () => {",
									"    pm.expect(pm.response).to.have.status(200);",
									"});",
									"",
									"pm.test('response Content-Type header should have application/json value', () => {",
									"    pm.expect(pm.response.headers.get('Content-Type')).to.includes('application/json');",
									"}); ",
									"",
									"pm.test('response body should be an object', () => {",
									"    const responseJson = pm.response.json();",
									"    pm.expect(responseJson).to.be.an('object');",
									"});",
									"",
									"pm.test('when GET reserved seats details after update', () => {",
									"    const reservedSeatId = pm.environment.get('reservedSeatId');",
									"    const newSeatId = pm.environment.get('newSeatId');",
									"",
									"    pm.sendRequest(`http://{{host}}:{{port}}/api/reserved-seats/${reservedSeatId}/`, (error, response) => {",
									"        if (!error) {",
									"            pm.test('it should response with revised content', () => {",
									"                pm.expect(response.code).to.equal(200);",
									"",
									"                const responseJson = response.json();",
									"                ",
									"                pm.expect(responseJson.id).to.equal(reservedSeatId);",
									"                pm.expect(responseJson.seat).to.equal(newSeatId);",
									"            });",
									"        }",
									"    });",
									"});"
								],
								"type": "text/javascript"
							}
						}
					],
					"request": {
						"method": "PUT",
						"header": [],
						"body": {
							"mode": "raw",
							"raw": "{\n    \"seat_id\": \"{{newSeatId}}\",\n    \"showtime_id\": \"{{showtimeId}}\",\n    \"reservation_id\": \"{{reservationId}}\"\n}",
							"options": {
								"raw": {
									"language": "json"
								}
							}
						},
						"url": {
							"raw": "http://{{host}}:{{port}}/api/reserved-seats/{{reservedSeatId}}/",
							"protocol": "http",
							"host": [
								"{{host}}"
							],
							"port": "{{port}}",
							"path": [
								"api",
								"reserved-seats",
								"{{reservedSeatId}}",
								""
							]
						}
					},
					"response": []
				},
				{
					"name": "Delete Reserved Seats",
					"event": [
						{
							"listen": "test",
							"script": {
								"exec": [
									"pm.test('it should response 204 status code', () => {",
									"    pm.expect(pm.response).to.have.status(204);",
									"});",
									"",
									"pm.test('when GET reserved seats details after delete', () => {",
									"    const reservedSeatId = pm.environment.get('reservedSeatId');",
									"",
									"    pm.sendRequest(`http://{{host}}:{{port}}/api/reserved-seats/${reservedSeatId}`, (error, response) => {",
									"        if (!error) {",
									"            pm.test('it should response with 404 status code', () => {",
									"                pm.expect(response.code).to.equal(404);",
									"            });",
									"        }",
									"    });",
									"});",
									""
								],
								"type": "text/javascript"
							}
						}
					],
					"request": {
						"method": "DELETE",
						"header": [],
						"url": {
							"raw": "http://{{host}}:{{port}}/api/reserved-seats/{{reservedSeatId}}/",
							"protocol": "http",
							"host": [
								"{{host}}"
							],
							"port": "{{port}}",
							"path": [
								"api",
								"reserved-seats",
								"{{reservedSeatId}}",
								""
							]
						}
					},
					"response": []
				}
			]
		}
	]
}