{
	"id": "4f30dea5-0736-4579-9d26-78d5567c36bc",
	"name": "[788] Movie Go Modul 3",
	"values": [
		{
			"key": "host",
			"value": "localhost",
			"type": "default",
			"enabled": true
		},
		{
			"key": "port",
			"value": "8000",
			"type": "default",
			"enabled": true
		},
		{
			"key": "username",
			"value": "dicoding",
			"type": "default",
			"enabled": true
		},
		{
			"key": "password",
			"value": "1234qwer!@#$",
			"type": "default",
			"enabled": true
		},
		{
			"key": "accessToken",
			"value": "",
			"type": "default",
			"enabled": true
		},
		{
			"key": "refreshToken",
			"value": "",
			"type": "default",
			"enabled": true
		},
		{
			"key": "userId",
			"value": "",
			"type": "default",
			"enabled": true
		},
		{
			"key": "groupId",
			"value": "",
			"type": "default",
			"enabled": true
		},
		{
			"key": "movieId",
			"value": "",
			"type": "default",
			"enabled": true
		},
		{
			"key": "studioId",
			"value": "",
			"type": "any",
			"enabled": true
		},
		{
			"key": "studioManagerId",
			"value": "",
			"type": "default",
			"enabled": true
		},
		{
			"key": "seatId",
			"value": "",
			"type": "default",
			"enabled": true
		},
		{
			"key": "showtimeId",
			"value": "",
			"type": "default",
			"enabled": true
		},
		{
			"key": "reservationId",
			"value": "",
			"type": "default",
			"enabled": true
		},
		{
			"key": "reservedSeatId",
			"value": "",
			"type": "default",
			"enabled": true
		},
		{
			"key": "adminId",
			"value": "",
			"type": "default",
			"enabled": true
		},
		{
			"key": "newUsername",
			"value": "DicodingIndonesia",
			"type": "default",
			"enabled": true
		},
		{
			"key": "newManagerId",
			"value": "",
			"type": "default",
			"enabled": true
		},
		{
			"key": "newSeatId",
			"value": "",
			"type": "default",
			"enabled": true
		},
		{
			"key": "usernameSuperUser",
			"value": "Aras",
			"type": "default",
			"enabled": true
		},
		{
			"key": "passwordSuperUser",
			"value": "1234qwer!@#$",
			"type": "default",
			"enabled": true
		},
		{
			"key": "accessTokenSuperUser",
			"value": "",
			"type": "default",
			"enabled": true
		},
		{
			"key": "refreshTokenSuperUser",
			"value": "",
			"type": "default",
			"enabled": true
		},
		{
			"key": "usernameAdmin",
			"value": "Aras_1745296828",
			"type": "default",
			"enabled": true
		},
		{
			"key": "passwordAdmin",
			"value": "1234qwer!@#$",
			"type": "default",
			"enabled": true
		},
		{
			"key": "refreshTokenAdmin",
			"value": "",
			"type": "any",
			"enabled": true
		},
		{
			"key": "accessTokenAdmin",
			"value": "",
			"type": "any",
			"enabled": true
		},
		{
			"key": "fileName",
			"value": "",
			"type": "any",
			"enabled": true
		}
	],
	"_postman_variable_scope": "environment",
	"_postman_exported_at": "2025-06-05T06:25:13.103Z",
	"_postman_exported_using": "Postman/9.31.30"
}