{
	"id": "e1974a81-7767-4b06-9bae-d331a5d97054",
	"name": "[788] Movie Go Modul 1",
	"values": [
		{
			"key": "host",
			"value": "localhost",
			"type": "default",
			"enabled": true
		},
		{
			"key": "port",
			"value": "8000",
			"type": "default",
			"enabled": true
		},
		{
			"key": "username",
			"value": "Aras",
			"type": "default",
			"enabled": true
		},
		{
			"key": "password",
			"value": "1234qwer!@#$",
			"type": "default",
			"enabled": true
		},
		{
			"key": "userId",
			"value": "1",
			"type": "default",
			"enabled": true
		},
		{
			"key": "movieId",
			"value": "",
			"type": "default",
			"enabled": true
		},
		{
			"key": "studioId",
			"value": "",
			"type": "any",
			"enabled": true
		},
		{
			"key": "studioManagerId",
			"value": "",
			"type": "default",
			"enabled": true
		},
		{
			"key": "seatId",
			"value": "",
			"type": "default",
			"enabled": true
		},
		{
			"key": "showtimeId",
			"value": "",
			"type": "default",
			"enabled": true
		},
		{
			"key": "reservationId",
			"value": "",
			"type": "default",
			"enabled": true
		},
		{
			"key": "reservedSeatId",
			"value": "",
			"type": "default",
			"enabled": true
		},
		{
			"key": "newUsername",
			"value": "DicodingIndonesia",
			"type": "default",
			"enabled": true
		},
		{
			"key": "newManagerId",
			"value": "1",
			"type": "default",
			"enabled": true
		},
		{
			"key": "newSeatId",
			"value": "",
			"type": "default",
			"enabled": true
		}
	],
	"_postman_variable_scope": "environment",
	"_postman_exported_at": "2025-06-03T06:14:09.832Z",
	"_postman_exported_using": "Postman/9.31.30"
}